Buyer State,Buyer County,Year,Total_MME
FL,ALACHUA,2007,381327.48436864815
FL,ALACHUA,2009,496969.628672338
FL,ALACHUA,2010,1008228.8952983705
FL,ALACHUA,2011,508708.24786665273
FL,ALACHUA,2012,491362.87050500227
FL,ALACHUA,2013,458545.934562699
FL,ALACHUA,2014,448034.12806232047
FL,ALACHUA,2015,487737.38631173724
FL,BAY,2006,281264.6978506745
FL,BAY,2007,127025.07972241486
FL,BAY,2008,138489.90335859125
FL,BAY,2009,151449.167487304
FL,BAY,2010,347077.2361020805
FL,BAY,2012,212787.829887256
FL,BAY,2013,240823.9438750515
FL,BAY,2014,267713.443826699
FL,BAY,2015,278511.32032968424
FL,BREVARD,2006,1105137.020717373
FL,BREVARD,2007,666783.7218124007
FL,BREVARD,2008,730109.8738593075
FL,BREVARD,2009,820134.5223380344
FL,BREVARD,2010,1987367.433130403
FL,BREVARD,2011,1022120.1590041033
FL,BREVARD,2012,954511.943140733
FL,BREVARD,2013,932319.905707325
FL,BREVARD,2014,960456.9303749495
FL,BREVARD,2015,1005144.1569671875
FL,BROWARD,2006,85064426251.29431
FL,BROWARD,2007,701706377.3642808
FL,BROWARD,2008,81896563968.0442
FL,BROWARD,2009,396051258148.1637
FL,BROWARD,2010,1288593019636.0537
FL,BROWARD,2011,136815110228.80208
FL,BROWARD,2012,153288312760.8437
FL,BROWARD,2013,1625363172299.8901
FL,BROWARD,2014,1480074054417.291
FL,BROWARD,2015,98677716269.0025
FL,CHARLOTTE,2006,190361.0494266464
FL,CHARLOTTE,2007,216554.27157430977
FL,CHARLOTTE,2008,254611.07331797335
FL,CHARLOTTE,2009,321369.385466029
FL,CHARLOTTE,2010,730286.6297535464
FL,CHARLOTTE,2011,720671.0167747325
FL,CHARLOTTE,2012,256226.01732615975
FL,CHARLOTTE,2013,207836.1039858245
FL,CHARLOTTE,2014,420628.358575927
FL,CHARLOTTE,2015,235068.6646170285
FL,CITRUS,2006,132493.35490058776
FL,CITRUS,2007,143860.32395368125
FL,CITRUS,2008,161098.53969292974
FL,CITRUS,2009,179753.18230833026
FL,CITRUS,2010,429767.73005237
FL,CITRUS,2011,267489.700276764
FL,CITRUS,2012,228931.804699081
FL,CITRUS,2013,202100.5908763995
FL,CITRUS,2014,198965.5814413485
FL,CITRUS,2015,203731.144548933
FL,CLAY,2006,176869.51510200804
FL,CLAY,2007,209130.57637535874
FL,CLAY,2008,240426.43988028276
FL,CLAY,2009,279863.7657674443
FL,CLAY,2010,610563.3406871475
FL,CLAY,2011,324891.187663906
FL,CLAY,2012,335331.7534317815
FL,CLAY,2013,291168.4624725015
FL,CLAY,2014,272622.54380722647
FL,CLAY,2015,281426.240701821
FL,COLLIER,2006,336245.9552821132
FL,COLLIER,2007,379077.3973514764
FL,COLLIER,2008,328611.12815721624
FL,COLLIER,2009,387640.53866533376
FL,COLLIER,2010,875170.1221675394
FL,COLLIER,2011,406060.807971439
FL,COLLIER,2012,357679.6099129385
FL,COLLIER,2013,349130.94655444776
FL,COLLIER,2014,335593.0444356855
FL,COLLIER,2015,400067.16498799797
FL,COLUMBIA,2008,120049.8968787863
FL,COLUMBIA,2010,280082.8098046135
FL,COLUMBIA,2012,157402.63922310199
FL,COLUMBIA,2013,156605.97560304
FL,COLUMBIA,2014,157431.829630634
FL,COLUMBIA,2015,158581.9833589595
FL,DUVAL,2006,3267744.0489299675
FL,DUVAL,2007,1592018.9200594414
FL,DUVAL,2008,1348624.787820082
FL,DUVAL,2009,1389818.0864853438
FL,DUVAL,2010,4526506.210235196
FL,DUVAL,2011,1638640.198998279
FL,DUVAL,2012,1686020.205030505
FL,DUVAL,2013,1748976.9573724014
FL,DUVAL,2014,2189878.886118567
FL,DUVAL,2015,8069411.9402866615
FL,ESCAMBIA,2006,275571.26912718307
FL,ESCAMBIA,2007,310768.98557272274
FL,ESCAMBIA,2008,289481.277466112
FL,ESCAMBIA,2009,314740.7507696723
FL,ESCAMBIA,2010,714577.53916566
FL,ESCAMBIA,2011,380301.17234497546
FL,ESCAMBIA,2012,424465.29666118824
FL,ESCAMBIA,2013,466260.7347761685
FL,ESCAMBIA,2014,501549.6305960635
FL,ESCAMBIA,2015,541542.4186685139
FL,FLAGLER,2011,106737.181656281
FL,FLAGLER,2015,117715.79171564699
FL,HERNANDO,2006,185605.69754482326
FL,HERNANDO,2007,252877.4514694655
FL,HERNANDO,2008,342499.46536178526
FL,HERNANDO,2009,417257.87072178145
FL,HERNANDO,2010,1013746.1903500659
FL,HERNANDO,2011,423388.22324910824
FL,HERNANDO,2012,355400.140523044
FL,HERNANDO,2013,293914.3482391945
FL,HERNANDO,2014,314889.375138208
FL,HERNANDO,2015,329337.14646019536
FL,HIGHLANDS,2011,89470.3683005735
FL,HIGHLANDS,2012,78343.862986296
FL,HIGHLANDS,2013,81137.21939849426
FL,HIGHLANDS,2014,84553.2512017495
FL,HILLSBOROUGH,2006,530180161.04446447
FL,HILLSBOROUGH,2007,505945194.8074614
FL,HILLSBOROUGH,2008,1133141330.9087648
FL,HILLSBOROUGH,2009,36449801.6209474
FL,HILLSBOROUGH,2010,244581609.16776663
FL,HILLSBOROUGH,2011,6379929123.496093
FL,HILLSBOROUGH,2012,451972497.50980985
FL,HILLSBOROUGH,2013,140507537220.4156
FL,HILLSBOROUGH,2014,48506359592.120255
FL,HILLSBOROUGH,2015,270440462.1651747
FL,INDIAN RIVER,2006,144835.1024625175
FL,INDIAN RIVER,2007,286136.658173616
FL,INDIAN RIVER,2008,311662.9862671155
FL,INDIAN RIVER,2009,429583.55696018675
FL,INDIAN RIVER,2010,985932.213152029
FL,INDIAN RIVER,2011,495178.47870253
FL,INDIAN RIVER,2012,441502.44728171977
FL,INDIAN RIVER,2013,400290.7616256088
FL,INDIAN RIVER,2014,462928.687364829
FL,INDIAN RIVER,2015,472758.46521641425
FL,LAKE,2006,168978.40697481486
FL,LAKE,2007,187191.512783208
FL,LAKE,2008,238697.64493220326
FL,LAKE,2009,283822.5332595502
FL,LAKE,2010,650091.640488376
FL,LAKE,2011,345344.69985011924
FL,LAKE,2012,347780.535564203
FL,LAKE,2013,343027.10087590077
FL,LAKE,2014,361694.646662083
FL,LAKE,2015,363417.4685953787
FL,LEE,2006,819718.0058205515
FL,LEE,2007,808689.7800604142
FL,LEE,2008,786758.6047597824
FL,LEE,2009,959372.5703417682
FL,LEE,2010,2498482.880141507
FL,LEE,2011,1191224.8445873512
FL,LEE,2012,942411.9932847015
FL,LEE,2013,867505.6641426868
FL,LEE,2014,856368.510076999
FL,LEE,2015,922969.3512958442
FL,LEON,2007,175810.2240819681
FL,LEON,2008,864984.4310720586
FL,LEON,2011,178128.877076498
FL,LEON,2013,282633.486714529
FL,LEON,2014,264004.87498581747
FL,LEON,2015,253927.7986552495
FL,LEVY,2012,59789.3577203675
FL,MANATEE,2006,472844.161360962
FL,MANATEE,2007,484449.1465424139
FL,MANATEE,2008,497325.99588008627
FL,MANATEE,2009,562841.5220003403
FL,MANATEE,2010,1430827.426861762
FL,MANATEE,2011,704947.0792582972
FL,MANATEE,2012,626157.416215872
FL,MANATEE,2013,562559.243308199
FL,MANATEE,2014,603641.0777516065
FL,MANATEE,2015,590336.472880403
FL,MARION,2006,288251.21361585276
FL,MARION,2007,308746.7017482815
FL,MARION,2008,2593152.84445881
FL,MARION,2009,358139.64955401525
FL,MARION,2010,988680.974035266
FL,MARION,2011,429168.3988406915
FL,MARION,2012,429487.31611390726
FL,MARION,2013,431971.7850400625
FL,MARION,2014,444843.2938661227
FL,MARION,2015,467784.052818688
FL,MARTIN,2006,176801.831084489
FL,MARTIN,2007,187290.252035716
FL,MARTIN,2008,193408.9799323825
FL,MARTIN,2009,223706.41149242775
FL,MARTIN,2010,501673.902588948
FL,MARTIN,2011,243418.3151067105
FL,MARTIN,2012,197761.83963205898
FL,MARTIN,2013,181287.326491881
FL,MARTIN,2014,168293.266087203
FL,MARTIN,2015,176562.401955393
FL,MIAMI-DADE,2006,1512967.6533128864
FL,MIAMI-DADE,2007,755030.2347554361
FL,MIAMI-DADE,2008,929624.7262971151
FL,MIAMI-DADE,2009,1373164.9904376946
FL,MIAMI-DADE,2010,11856782.871573776
FL,MIAMI-DADE,2011,5944476.883304485
FL,MIAMI-DADE,2012,2035667.2213252366
FL,MIAMI-DADE,2013,5162650.818235578
FL,MIAMI-DADE,2014,3173068.20030126
FL,MIAMI-DADE,2015,929426.0829621712
FL,MONROE,2006,86569.10329246835
FL,MONROE,2007,91362.82335432415
FL,MONROE,2008,96335.5500288247
FL,MONROE,2010,244017.004618814
FL,MONROE,2011,119752.775719623
FL,MONROE,2014,82359.9064559585
FL,MONROE,2015,85130.790574324
FL,NASSAU,2007,75630.379146752
FL,NASSAU,2008,84968.3397709655
FL,NASSAU,2009,95723.62368038324
FL,NASSAU,2010,217641.5853739665
FL,NASSAU,2011,125282.325436586
FL,NASSAU,2012,122928.1646927195
FL,NASSAU,2013,113259.897520481
FL,OKALOOSA,2006,144441.37325910074
FL,OKALOOSA,2007,148883.24123368764
FL,OKALOOSA,2008,164093.06987298574
FL,OKALOOSA,2009,178351.85469143098
FL,OKALOOSA,2010,386929.112024803
FL,OKALOOSA,2011,222129.30029041573
FL,OKALOOSA,2012,228799.3084943145
FL,OKALOOSA,2014,247194.1871385515
FL,OKALOOSA,2015,249095.760520766
FL,OKEECHOBEE,2008,57752.806491351
FL,OKEECHOBEE,2011,83254.187764881
FL,OKEECHOBEE,2012,66311.0994213615
FL,OKEECHOBEE,2015,62292.9769872055
FL,ORANGE,2006,5668626.472891167
FL,ORANGE,2007,4559762.194293446
FL,ORANGE,2008,5972097.485906474
FL,ORANGE,2009,5173520.437671622
FL,ORANGE,2010,12489694.269626023
FL,ORANGE,2011,5596588.7898399
FL,ORANGE,2012,6598768.898411267
FL,ORANGE,2013,8406889.994076187
FL,ORANGE,2014,8389032.81687328
FL,ORANGE,2015,7724857.662738664
FL,OSCEOLA,2006,127389.80331149625
FL,OSCEOLA,2007,146396.64429351964
FL,OSCEOLA,2008,171147.66804969584
FL,OSCEOLA,2009,314176.1745701932
FL,OSCEOLA,2010,771713.061356967
FL,OSCEOLA,2011,298537.641845773
FL,OSCEOLA,2012,260333.6014848455
FL,OSCEOLA,2013,231006.77316124
FL,OSCEOLA,2014,233719.671211996
FL,OSCEOLA,2015,271319.9193875435
FL,PALM BEACH,2006,34338790.02870829
FL,PALM BEACH,2007,19175117.76501339
FL,PALM BEACH,2008,19567284.08629999
FL,PALM BEACH,2009,20829078.33606246
FL,PALM BEACH,2010,22726128.706228554
FL,PALM BEACH,2011,12611973.532747809
FL,PALM BEACH,2012,5678792.843764146
FL,PALM BEACH,2013,2731082.587912286
FL,PALM BEACH,2014,2955046.06470568
FL,PALM BEACH,2015,1500585.8492948401
FL,PASCO,2006,1271871.7192289326
FL,PASCO,2007,788393.787524347
FL,PASCO,2008,901532.5692346162
FL,PASCO,2009,1001673.127260396
FL,PASCO,2010,2442926.16638574
FL,PASCO,2011,1202043.0003526094
FL,PASCO,2012,893607.0683278528
FL,PASCO,2013,776059.3279635415
FL,PASCO,2014,727265.411241963
FL,PASCO,2015,722172.925636048
FL,PINELLAS,2006,13410625.84031247
FL,PINELLAS,2007,7517386.87058011
FL,PINELLAS,2008,277583001.01780325
FL,PINELLAS,2009,19890765.35705758
FL,PINELLAS,2010,95107930.04162204
FL,PINELLAS,2011,22431703.99601827
FL,PINELLAS,2012,452072938.6062267
FL,PINELLAS,2013,450250025.5870659
FL,PINELLAS,2014,5359316470.096976
FL,PINELLAS,2015,2653003746.5120974
FL,POLK,2006,8136394.398131564
FL,POLK,2007,10528402.56423836
FL,POLK,2008,10131470.317070046
FL,POLK,2009,15333535.289642988
FL,POLK,2010,29939324.320668906
FL,POLK,2011,16270117.03637583
FL,POLK,2012,7944726.187184164
FL,POLK,2013,5922480.516987681
FL,POLK,2014,6940264.445203746
FL,POLK,2015,9199600.418039167
FL,PUTNAM,2010,294497.7624704495
FL,PUTNAM,2011,155016.38101637425
FL,SANTA ROSA,2006,130694.48023666124
FL,SANTA ROSA,2007,152496.1767363382
FL,SANTA ROSA,2008,144677.8917955374
FL,SANTA ROSA,2009,153753.58327916576
FL,SANTA ROSA,2010,402416.5114810255
FL,SANTA ROSA,2011,189464.572389571
FL,SANTA ROSA,2012,185684.76676472774
FL,SANTA ROSA,2013,172615.16319355174
FL,SANTA ROSA,2014,177212.294689499
FL,SANTA ROSA,2015,173153.5983351965
FL,SARASOTA,2006,873279.3023934953
FL,SARASOTA,2007,561466.30045962
FL,SARASOTA,2008,1273388.7414660207
FL,SARASOTA,2009,672387.837289552
FL,SARASOTA,2010,1454590.7028995585
FL,SARASOTA,2011,743052.8974753325
FL,SARASOTA,2012,665888.9972588947
FL,SARASOTA,2013,645121.7961314025
FL,SARASOTA,2014,660288.685149491
FL,SARASOTA,2015,682574.8608618319
FL,SEMINOLE,2006,388480.76861454704
FL,SEMINOLE,2007,630628.5303481561
FL,SEMINOLE,2008,500898.6239971592
FL,SEMINOLE,2009,558450.199170106
FL,SEMINOLE,2010,1451381.8291799
FL,SEMINOLE,2011,777718.5944616655
FL,SEMINOLE,2012,468206.6842218415
FL,SEMINOLE,2013,422476.029272292
FL,SEMINOLE,2014,387079.3553255375
FL,SEMINOLE,2015,357285.221112444
FL,SUMTER,2015,108523.48631760075
FL,VOLUSIA,2006,2583072.1591965174
FL,VOLUSIA,2007,5648382.115867251
FL,VOLUSIA,2008,37070333.943865895
FL,VOLUSIA,2009,2760778.5584932608
FL,VOLUSIA,2010,6014282.460926281
FL,VOLUSIA,2011,2937977.3609315753
FL,VOLUSIA,2012,13046620.56632759
FL,VOLUSIA,2013,12135036.28876571
FL,VOLUSIA,2014,11607869.482297309
FL,VOLUSIA,2015,197321415.50175944
FL,WALTON,2006,44414.8447140995
FL,WALTON,2007,50351.47651967575
GA,BARROW,2006,42243.0344093385
GA,BARROW,2008,55182.235583369
GA,BARROW,2010,160178.323850576
GA,BARROW,2012,93406.8138811805
GA,BARROW,2014,98372.36879096049
GA,BARTOW,2008,119579.9367859347
GA,BARTOW,2010,306213.601552408
GA,BARTOW,2011,155389.8571781075
GA,BARTOW,2012,153320.900502553
GA,BARTOW,2014,140444.23720848
GA,BARTOW,2015,151016.39129319828
GA,BIBB,2007,224416.24880281935
GA,BIBB,2008,239710.62959568814
GA,BIBB,2009,241038.27055408826
GA,BIBB,2010,539032.342950279
GA,BIBB,2011,301108.887394525
GA,BIBB,2012,294719.45716212003
GA,BIBB,2013,281432.0400456935
GA,BIBB,2014,271052.601107264
GA,BIBB,2015,264936.45641816896
GA,CAMDEN,2011,58173.83792105725
GA,CARROLL,2006,135833.82760398954
GA,CARROLL,2007,145355.35279965473
GA,CARROLL,2008,148435.14022158895
GA,CARROLL,2009,165810.046142993
GA,CARROLL,2010,344063.302691956
GA,CARROLL,2011,177171.667752484
GA,CARROLL,2012,178896.8981957115
GA,CARROLL,2013,174754.7973751565
GA,CARROLL,2014,175246.7433178835
GA,CARROLL,2015,181006.337972271
GA,CATOOSA,2006,64530.0581970911
GA,CATOOSA,2008,245389.995398663
GA,CATOOSA,2011,107148.5015870445
GA,CATOOSA,2012,238726.3418905185
GA,CATOOSA,2014,389468.02115845
GA,CATOOSA,2015,396395.700144628
GA,CHATHAM,2006,1597857.2714519447
GA,CHATHAM,2007,782867.7965418599
GA,CHATHAM,2008,654228.5205727784
GA,CHATHAM,2009,1011431.9945726929
GA,CHATHAM,2010,2595464.863235827
GA,CHATHAM,2011,1118505.4559232865
GA,CHATHAM,2012,1493970.6323760091
GA,CHATHAM,2013,2691749.4232452298
GA,CHATHAM,2014,2212589.638455534
GA,CHATHAM,2015,1901699.4026259268
GA,CHEROKEE,2006,89605.4624521417
GA,CHEROKEE,2007,110916.8838491614
GA,CHEROKEE,2008,124328.8701890725
GA,CHEROKEE,2009,142205.385048958
GA,CHEROKEE,2010,320563.155741147
GA,CHEROKEE,2011,190422.32341178026
GA,CHEROKEE,2012,176555.96732722624
GA,CHEROKEE,2013,178136.14783806776
GA,CHEROKEE,2014,194881.919198221
GA,CHEROKEE,2015,209526.19025242797
GA,CLARKE,2011,211538557.89675987
GA,CLARKE,2012,80455076.1353777
GA,CLARKE,2015,80853622.36193296
GA,CLAYTON,2006,96055.80709640795
GA,CLAYTON,2007,137565.08123164185
GA,CLAYTON,2008,250090.84280797787
GA,CLAYTON,2009,226399.48326450374
GA,CLAYTON,2010,443019.8284003175
GA,CLAYTON,2011,173624.845937079
GA,CLAYTON,2012,139553.9169198525
GA,CLAYTON,2013,133308.916943242
GA,CLAYTON,2014,124331.2679826495
GA,CLAYTON,2015,114853.80776744644
GA,COBB,2006,426045.6748592136
GA,COBB,2007,460042.632981297
GA,COBB,2008,561059.0141562319
GA,COBB,2009,575902.3611762931
GA,COBB,2010,1116125.2495855228
GA,COBB,2011,624816.2224856872
GA,COBB,2012,755260.193051179
GA,COBB,2013,630680.0145413874
GA,COBB,2014,558744.2534159515
GA,COBB,2015,606172.3833070016
GA,COLUMBIA,2010,205518.44183719248
GA,COLUMBIA,2012,129751.878772617
GA,COLUMBIA,2013,134522.64793867
GA,COLUMBIA,2014,139812.4820252645
GA,COLUMBIA,2015,141044.456014344
GA,COWETA,2007,263500.05900326994
GA,COWETA,2008,199257.0802320365
GA,COWETA,2009,167700.50775845975
GA,COWETA,2011,127273.9930507773
GA,COWETA,2012,116986.1707013405
GA,COWETA,2014,162103.225327607
GA,COWETA,2015,147943.9945632336
GA,DEKALB,2006,4138661.7776610125
GA,DEKALB,2007,6296680.84101257
GA,DEKALB,2008,5080950.41438315
GA,DEKALB,2009,5280229.965483516
GA,DEKALB,2010,12713841.464508932
GA,DEKALB,2011,4429294.070971884
GA,DEKALB,2012,3767241.6055554124
GA,DEKALB,2013,4607784.932467987
GA,DEKALB,2014,5185366.458617053
GA,DEKALB,2015,5202302.269364464
GA,DOUGHERTY,2012,116242.1257039095
GA,DOUGLAS,2006,85082.89401170835
GA,DOUGLAS,2008,109153.04979643
GA,DOUGLAS,2010,279691.8429026185
GA,DOUGLAS,2011,174130.302731279
GA,DOUGLAS,2012,148448.65171359925
GA,DOUGLAS,2013,141202.884315493
GA,DOUGLAS,2014,149300.771098479
GA,DOUGLAS,2015,156224.71443940798
GA,FANNIN,2010,73190.914095113
GA,FANNIN,2013,30812.9809143855
GA,FAYETTE,2009,77652.6983092355
GA,FAYETTE,2011,109776.17248432955
GA,FAYETTE,2014,108113.4003959515
GA,FAYETTE,2015,107014.43455147899
GA,FLOYD,2006,114212.44958609225
GA,FLOYD,2007,127143.1716122252
GA,FLOYD,2008,139515.35806854424
GA,FLOYD,2010,333504.8941994945
GA,FLOYD,2011,184957.647399952
GA,FLOYD,2012,180832.6206136402
GA,FLOYD,2013,163840.179099694
GA,FLOYD,2015,175961.5749922855
GA,FORSYTH,2007,68999.6019597535
GA,FORSYTH,2008,81509.86510408056
GA,FORSYTH,2009,103327.41030309725
GA,FORSYTH,2010,229713.211021737
GA,FORSYTH,2011,131372.01427911498
GA,FORSYTH,2012,149732.118958507
GA,FORSYTH,2013,1609541.3987033607
GA,FORSYTH,2014,120904155.92057374
GA,FORSYTH,2015,22175425.033966046
GA,FULTON,2006,14268880.355334185
GA,FULTON,2007,6928550.5382237155
GA,FULTON,2008,159663185.05648527
GA,FULTON,2009,9588126.839240048
GA,FULTON,2010,50756471.85486498
GA,FULTON,2011,19450777.38013237
GA,FULTON,2012,21414578.035251867
GA,FULTON,2013,16433963.738614423
GA,FULTON,2014,91453750.02965194
GA,FULTON,2015,43360136.451090306
GA,GLYNN,2006,65081.77477803125
GA,GLYNN,2007,76109.19804446495
GA,GLYNN,2008,82244.71056910085
GA,GLYNN,2009,100339.72780984825
GA,GLYNN,2012,116830.74535443
GA,GLYNN,2013,109860.184847857
GA,GORDON,2009,37215.3587915345
GA,GORDON,2011,44144.8713609745
GA,GWINNETT,2006,28977063.000678513
GA,GWINNETT,2007,23402193.5830685
GA,GWINNETT,2008,43375064.10160021
GA,GWINNETT,2009,37904794.95974487
GA,GWINNETT,2010,197391000.99669397
GA,GWINNETT,2011,54758549.42995504
GA,GWINNETT,2012,58080449.701500356
GA,GWINNETT,2013,202487167.92808047
GA,GWINNETT,2014,153091810.4513488
GA,GWINNETT,2015,52647773.53697446
GA,HALL,2006,3853053.92432142
GA,HALL,2007,3960990.627084404
GA,HALL,2008,2817036.548236808
GA,HALL,2009,197694901064.75598
GA,HALL,2010,115843485165.22232
GA,HALL,2011,117879564392.94463
GA,HALL,2012,62338493464.26879
GA,HALL,2013,900247.3907369014
GA,HALL,2014,1140533.8688123636
GA,HALL,2015,1803269.2459010251
GA,HARALSON,2007,63877.96457371425
GA,HARALSON,2009,64546.961281284246
GA,HARALSON,2010,135534.9734143415
GA,HENRY,2006,2213699.937988065
GA,HENRY,2007,2833760.650664443
GA,HENRY,2008,2669146.356639038
GA,HENRY,2009,5998651.096728569
GA,HENRY,2010,7105154.028663479
GA,HENRY,2011,970435.190124852
GA,HENRY,2012,172911.98915903026
GA,HENRY,2013,175513.4746577965
GA,HENRY,2014,173383.84187533348
GA,HENRY,2015,168746.197190486
GA,JACKSON,2009,125248.57255034675
GA,JACKSON,2011,162404.34541587048
GA,JACKSON,2012,173880.8770513435
GA,JACKSON,2013,188216.3142625075
GA,JACKSON,2015,193469.071254917
GA,MADISON,2014,36556.864145994
GA,MURRAY,2008,26641.8894019535
GA,MURRAY,2010,54173.852208229
GA,MURRAY,2011,30931.268503816
GA,MURRAY,2012,31326.6322568845
GA,MURRAY,2013,30975.169160473
GA,MURRAY,2014,32554.0863240605
GA,MUSCOGEE,2008,163503.9383221127
GA,MUSCOGEE,2009,176261.451098401
GA,MUSCOGEE,2010,400936.3405256915
GA,MUSCOGEE,2011,233243.432674471
GA,MUSCOGEE,2012,253809.10798319374
GA,MUSCOGEE,2013,237925.72222389
GA,MUSCOGEE,2014,209123.9647764175
GA,MUSCOGEE,2015,216064.60006234268
GA,NEWTON,2007,46996.45848285175
GA,NEWTON,2009,56925.3048788645
GA,NEWTON,2011,63836.15135565975
GA,NEWTON,2013,61249.807468177
GA,NEWTON,2015,61114.837931992995
GA,PAULDING,2006,57608.40315020925
GA,PAULDING,2007,65122.50153857875
GA,PAULDING,2008,67226.9110283436
GA,PAULDING,2009,73750.271679623
GA,PAULDING,2010,168299.420102691
GA,PAULDING,2011,90562.30637822249
GA,PAULDING,2012,92461.56973751624
GA,PAULDING,2013,94065.267259259
GA,PAULDING,2014,94397.4854322105
GA,PAULDING,2015,98916.672575306
GA,POLK,2010,97347.004381757
GA,RICHMOND,2006,202463.1891743512
GA,RICHMOND,2007,212544.03806536045
GA,RICHMOND,2008,221600.44793471566
GA,RICHMOND,2009,233590.83327771883
GA,RICHMOND,2010,489216.0293174265
GA,RICHMOND,2011,276183.2108539445
GA,RICHMOND,2012,289105.87970392976
GA,RICHMOND,2013,288567.481888427
GA,RICHMOND,2014,276816.9219495825
GA,RICHMOND,2015,276160.487359045
GA,ROCKDALE,2006,570947.8004759924
GA,ROCKDALE,2007,520123.9518609517
GA,ROCKDALE,2012,188249.620723037
GA,ROCKDALE,2013,162420.83568583225
GA,ROCKDALE,2014,191537.3170312385
GA,ROCKDALE,2015,137954.352593129
GA,SPALDING,2012,105224.0176826085
GA,SPALDING,2015,132223.5764351665
GA,TROUP,2011,45804.639635159
GA,TROUP,2014,45594.2653162275
GA,TROUP,2015,54205.142317346
GA,WALKER,2007,191548.361604649
GA,WALKER,2009,186124.774981756
GA,WALKER,2011,181852.7136359805
GA,WALKER,2012,186310.068226393
GA,WALKER,2014,167730.9971995635
GA,WALTON,2012,104991.8549086545
GA,WALTON,2013,102713.7662188425
GA,WALTON,2014,96132.5909510185
GA,WALTON,2015,96883.444890343
GA,WARE,2009,75493.21304319275
GA,WARE,2014,88607.48087609801
GA,WHITFIELD,2006,50133.0740117177
GA,WHITFIELD,2008,78734.82512298005
GA,WHITFIELD,2009,82718.44379510201
GA,WHITFIELD,2010,173307.9728755895
GA,WHITFIELD,2011,104150.1793481795
GA,WHITFIELD,2012,92067.9241116575
GA,WHITFIELD,2013,84033.358213346
GA,WHITFIELD,2014,85854.567240221
GA,WHITFIELD,2015,91507.233623033
ID,ADA,2006,261420.26901021774
ID,ADA,2007,299231.1778709631
ID,ADA,2008,683843.3111560344
ID,ADA,2009,380631.1854828519
ID,ADA,2010,889738.6433488361
ID,ADA,2011,490302.319663483
ID,ADA,2012,542918.8067701985
ID,ADA,2013,549380.310807165
ID,ADA,2014,568006.7037424245
ID,ADA,2015,568804.3835244621
ID,BANNOCK,2009,65496.39963949651
ID,BANNOCK,2010,146657.88798159547
ID,BANNOCK,2011,84625.15214808099
ID,BANNOCK,2012,95750.03312296301
ID,BANNOCK,2013,91426.129201186
ID,BANNOCK,2014,180612.710398956
ID,BONNEVILLE,2008,80892.7682961755
ID,BONNEVILLE,2009,85325.91951917825
ID,BONNEVILLE,2010,178699.019941571
ID,BONNEVILLE,2011,102176.10918253701
ID,BONNEVILLE,2012,115158.15347349801
ID,BONNEVILLE,2013,104548.9000777525
ID,BONNEVILLE,2014,103579.445417134
ID,BONNEVILLE,2015,103018.16902722599
ID,CANYON,2010,205197.359218622
ID,CANYON,2011,122288.540546489
ID,CANYON,2013,145382.351272861
ID,CANYON,2014,152196.0648618995
ID,KOOTENAI,2006,102732.3726020543
ID,KOOTENAI,2008,112505.2421012886
ID,KOOTENAI,2009,120306.8548237865
ID,KOOTENAI,2012,156674.242689109
ID,KOOTENAI,2014,180765.235611654
ID,KOOTENAI,2015,202966.19786723447
ID,TWIN FALLS,2015,104154.5968401575
MT,CASCADE,2008,90998.0416365135
MT,CASCADE,2013,104338.9210254325
MT,FLATHEAD,2007,150366.3346403415
MT,FLATHEAD,2008,163045.005164634
MT,FLATHEAD,2012,130247.64901136099
MT,FLATHEAD,2013,122144.342681868
MT,FLATHEAD,2014,119761.6170885955
MT,FLATHEAD,2015,117162.7304149835
MT,GALLATIN,2009,40609.5539810145
MT,LEWIS AND CLARK,2014,115436.98966360599
MT,MISSOULA,2008,97803.8932115003
MT,MISSOULA,2009,106431.6259649415
MT,MISSOULA,2010,241644.56311791
MT,MISSOULA,2012,146304.068852618
MT,MISSOULA,2013,131301.575122638
MT,MISSOULA,2015,113172.727397289
MT,SILVER BOW,2009,42081.8614736315
MT,YELLOWSTONE,2006,130931.56529020634
MT,YELLOWSTONE,2007,141458.65593352148
MT,YELLOWSTONE,2010,336842.91408243997
MT,YELLOWSTONE,2011,181585.6559359905
MT,YELLOWSTONE,2012,193320.4042612445
MT,YELLOWSTONE,2013,195158.266176638
MT,YELLOWSTONE,2014,204787.7254581105
MT,YELLOWSTONE,2015,205628.9069873611
NC,ALAMANCE,2006,86644.66330581724
NC,ALAMANCE,2007,99799.18850344249
NC,ALAMANCE,2008,107617.412116357
NC,ALAMANCE,2009,114816.97955427975
NC,ALAMANCE,2011,128799.4663871165
NC,ALAMANCE,2012,139221.1368331245
NC,ALAMANCE,2013,139506.0132649495
NC,ALAMANCE,2014,147895.08906558598
NC,ALAMANCE,2015,156518.0580193183
NC,ALEXANDER,2009,22834.455430989998
NC,ALEXANDER,2015,34184.255146601
NC,BRUNSWICK,2006,103133.15513845124
NC,BRUNSWICK,2008,127812.05259474275
NC,BRUNSWICK,2009,159327.32837101174
NC,BRUNSWICK,2010,351959.12825979
NC,BRUNSWICK,2011,185771.84401219076
NC,BRUNSWICK,2012,202533.03923140926
NC,BRUNSWICK,2013,206142.823674634
NC,BRUNSWICK,2014,213634.6201803735
NC,BRUNSWICK,2015,219563.14835054957
NC,BUNCOMBE,2006,408996.4210741076
NC,BUNCOMBE,2007,433143.77007086325
NC,BUNCOMBE,2008,461422.52379177476
NC,BUNCOMBE,2009,512217.876523988
NC,BUNCOMBE,2010,1159573.042835911
NC,BUNCOMBE,2011,683508.7151844252
NC,BUNCOMBE,2012,787605.5940333585
NC,BUNCOMBE,2013,837758.917952623
NC,BUNCOMBE,2014,828370.658779942
NC,BUNCOMBE,2015,894805.159895562
NC,BURKE,2006,90764.2052273285
NC,BURKE,2007,104720.91575742875
NC,BURKE,2008,106006.93978115299
NC,BURKE,2009,122123.973983765
NC,BURKE,2010,264257.1607032705
NC,BURKE,2011,147038.76509659374
NC,BURKE,2012,155349.061289944
NC,BURKE,2013,158022.330503492
NC,BURKE,2014,159245.84652045098
NC,BURKE,2015,168159.1608848235
NC,CABARRUS,2006,262992.53370187426
NC,CABARRUS,2007,286666.30908740556
NC,CABARRUS,2008,414376.63347851177
NC,CABARRUS,2009,362395.66336663225
NC,CABARRUS,2010,687393.4223223855
NC,CABARRUS,2011,448679.780766383
NC,CABARRUS,2012,733111.3934270504
NC,CABARRUS,2013,533958.1574400939
NC,CABARRUS,2014,442625.716275924
NC,CABARRUS,2015,395216.23780830594
NC,CALDWELL,2006,69442.8700884235
NC,CALDWELL,2007,79177.881061602
NC,CALDWELL,2008,78772.56315653725
NC,CALDWELL,2009,86188.70593056724
NC,CALDWELL,2011,96788.423952506
NC,CALDWELL,2012,106097.264748782
NC,CALDWELL,2014,119420.3545856505
NC,CALDWELL,2015,146157.08658839698
NC,CARTERET,2008,83198.7565441885
NC,CARTERET,2009,91421.51447343225
NC,CARTERET,2010,171604.107900909
NC,CARTERET,2011,88035.835512703
NC,CARTERET,2014,103345.7431271305
NC,CARTERET,2015,117332.444298123
NC,CATAWBA,2006,170711.80446378246
NC,CATAWBA,2007,184208.093866449
NC,CATAWBA,2008,183886.781734818
NC,CATAWBA,2009,218458.67942492577
NC,CATAWBA,2010,473859.5778196404
NC,CATAWBA,2011,269070.98369935324
NC,CATAWBA,2012,312894.01184416725
NC,CATAWBA,2013,330725.995934472
NC,CATAWBA,2014,339030.6224040605
NC,CATAWBA,2015,342110.336352298
NC,CHEROKEE,2010,126818.214212308
NC,CHEROKEE,2011,65976.18420444215
NC,CLEVELAND,2006,88923.67538216394
NC,CLEVELAND,2007,93936.3250735675
NC,CLEVELAND,2008,81863.75722574374
NC,CLEVELAND,2009,98355.26795550325
NC,CLEVELAND,2010,187599.238470456
NC,CLEVELAND,2011,103881.16977066324
NC,CLEVELAND,2012,107131.9353061775
NC,CLEVELAND,2013,112132.396850587
NC,CLEVELAND,2014,115998.42787200275
NC,CLEVELAND,2015,115469.070076977
NC,COLUMBUS,2009,119958.55391687276
NC,COLUMBUS,2010,246658.4091360405
NC,COLUMBUS,2014,186524.476644127
NC,CRAVEN,2006,104900.944844458
NC,CRAVEN,2008,139628.63947876298
NC,CRAVEN,2009,159581.005277414
NC,CRAVEN,2010,326497.631733271
NC,CRAVEN,2013,193270.48663707348
NC,CRAVEN,2014,177516.452789515
NC,CRAVEN,2015,179180.50495809098
NC,CUMBERLAND,2006,220176.9820464025
NC,CUMBERLAND,2007,237552.1327743075
NC,CUMBERLAND,2008,265070.3290105587
NC,CUMBERLAND,2009,307466.179821975
NC,CUMBERLAND,2010,728833.996452913
NC,CUMBERLAND,2011,401560.8809096055
NC,CUMBERLAND,2012,459424.82035042753
NC,CUMBERLAND,2013,461291.7882483493
NC,CUMBERLAND,2014,443661.56648609746
NC,CUMBERLAND,2015,470993.3561266295
NC,DAVIDSON,2006,91341.7723020255
NC,DAVIDSON,2007,98710.027056083
NC,DAVIDSON,2008,99937.58176087325
NC,DAVIDSON,2009,128519.12781377649
NC,DAVIDSON,2010,290630.310468114
NC,DAVIDSON,2011,166370.004353215
NC,DAVIDSON,2012,183388.0130097495
NC,DAVIDSON,2013,198094.39293856
NC,DAVIDSON,2014,209667.784127079
NC,DAVIDSON,2015,225260.61379785748
NC,DURHAM,2006,1625591.0776451125
NC,DURHAM,2007,1702923.8611213274
NC,DURHAM,2008,2101566.814569398
NC,DURHAM,2009,2368482.876804041
NC,DURHAM,2010,4988349.93586389
NC,DURHAM,2011,2916097.213682172
NC,DURHAM,2012,3208281.275449193
NC,DURHAM,2013,3467079.5418204824
NC,DURHAM,2014,3607836.9486096767
NC,DURHAM,2015,4461049.045365046
NC,EDGECOMBE,2013,29950.779370964
NC,FORSYTH,2006,295848.4828306532
NC,FORSYTH,2007,353881.8902522627
NC,FORSYTH,2008,369359.057082071
NC,FORSYTH,2009,398560.3437462412
NC,FORSYTH,2010,758666.0044347815
NC,FORSYTH,2011,417440.9661705925
NC,FORSYTH,2012,456857.74925061123
NC,FORSYTH,2013,479787.62361308525
NC,FORSYTH,2014,489250.094412287
NC,FORSYTH,2015,557963.7481656931
NC,GASTON,2006,214860.991223479
NC,GASTON,2007,245776.31737160526
NC,GASTON,2008,225738.37640464425
NC,GASTON,2009,248521.5436730595
NC,GASTON,2010,532279.572706253
NC,GASTON,2011,277832.90480551176
NC,GASTON,2012,304785.333857171
NC,GASTON,2013,328630.668067054
NC,GASTON,2014,343144.2862151615
NC,GASTON,2015,370831.0723786306
NC,GUILFORD,2006,33749973.66150878
NC,GUILFORD,2007,37922715.2035812
NC,GUILFORD,2008,42479654.005811915
NC,GUILFORD,2009,38292395.00595215
NC,GUILFORD,2010,81858616.74592948
NC,GUILFORD,2011,44098223.150138155
NC,GUILFORD,2012,43686302.2310939
NC,GUILFORD,2013,51946321.339663744
NC,GUILFORD,2014,38893102.56970175
NC,GUILFORD,2015,40005734.25379602
NC,HALIFAX,2015,45821.2762132425
NC,HARNETT,2008,65843.509986215
NC,HARNETT,2010,156712.9472563675
NC,HARNETT,2012,104820.34186858324
NC,HARNETT,2013,120190.35887562075
NC,HARNETT,2014,123891.878727825
NC,HARNETT,2015,125383.66811873
NC,HAYWOOD,2008,86812.07898664926
NC,HAYWOOD,2010,198081.7997153805
NC,HAYWOOD,2012,112748.7630304905
NC,HAYWOOD,2013,117596.9845389195
NC,HAYWOOD,2015,138661.770471716
NC,HENDERSON,2007,147823.83647125526
NC,HENDERSON,2008,134694.42042549409
NC,HENDERSON,2010,283381.6911717395
NC,HENDERSON,2011,145613.8100633605
NC,HENDERSON,2012,143106.4056845145
NC,HENDERSON,2013,123742.9070481705
NC,HENDERSON,2014,124785.2565436415
NC,HENDERSON,2015,131837.472760286
NC,IREDELL,2006,206367.2823776401
NC,IREDELL,2007,205620.93947475034
NC,IREDELL,2008,202217.70094550596
NC,IREDELL,2009,221652.377906406
NC,IREDELL,2010,463914.2757841071
NC,IREDELL,2011,253989.94281306377
NC,IREDELL,2012,280273.12804352323
NC,IREDELL,2013,307625.4061984765
NC,IREDELL,2014,334084.5847740925
NC,IREDELL,2015,369567.29972210695
NC,JOHNSTON,2009,93016.98134517374
NC,JOHNSTON,2010,199565.235465613
NC,JOHNSTON,2011,118983.9277302115
NC,JOHNSTON,2012,133095.3528741585
NC,JOHNSTON,2013,143471.841988882
NC,JOHNSTON,2014,152104.8649318955
NC,JOHNSTON,2015,158118.8397757795
NC,LEE,2015,125840.77924926949
NC,LENOIR,2011,86733.36870199599
NC,LENOIR,2015,87562.64136475048
NC,LINCOLN,2006,56644.9864534655
NC,LINCOLN,2009,529948.4108630054
NC,LINCOLN,2011,537277.8276130003
NC,LINCOLN,2012,386857.6243261053
NC,LINCOLN,2013,128575.827286602
NC,MACON,2006,64230.51699066775
NC,MCDOWELL,2007,60050.164325326
NC,MCDOWELL,2008,63835.59342720725
NC,MECKLENBURG,2006,3285595.8883257317
NC,MECKLENBURG,2007,3035782.7152065584
NC,MECKLENBURG,2008,3450354.9570371257
NC,MECKLENBURG,2009,4593594.190903407
NC,MECKLENBURG,2010,8524266.820855593
NC,MECKLENBURG,2011,6308976.5896458775
NC,MECKLENBURG,2012,11618244.854659682
NC,MECKLENBURG,2013,8533615.269222282
NC,MECKLENBURG,2014,9804764.851335885
NC,MECKLENBURG,2015,6105196.905907979
NC,MOORE,2014,234308.51497400075
NC,MOORE,2015,250869.82724537147
NC,NASH,2006,3168894.765651225
NC,NASH,2011,2758384.7214682694
NC,NASH,2012,2564459.4518539044
NC,NASH,2013,3539762.151610648
NC,NASH,2015,2988395.657961494
NC,NEW HANOVER,2006,297531.6428084903
NC,NEW HANOVER,2007,205597.14158074965
NC,NEW HANOVER,2008,453822.854712513
NC,NEW HANOVER,2009,1203960.739195663
NC,NEW HANOVER,2010,762277.038305571
NC,NEW HANOVER,2011,1444828.9655237074
NC,NEW HANOVER,2012,949478.5393624979
NC,NEW HANOVER,2013,15401801.542282386
NC,NEW HANOVER,2014,4601317.1593450485
NC,NEW HANOVER,2015,3958710.3555893255
NC,ONSLOW,2006,94842.282208093
NC,ONSLOW,2007,111310.6638020655
NC,ONSLOW,2008,128323.15572763825
NC,ONSLOW,2009,146347.32351890663
NC,ONSLOW,2010,305387.78130529047
NC,ONSLOW,2011,170308.3627407227
NC,ONSLOW,2012,182912.76531396076
NC,ONSLOW,2013,193525.299726138
NC,ONSLOW,2014,206039.0301331915
NC,ONSLOW,2015,230049.54689590746
NC,ORANGE,2007,76821.172129882
NC,ORANGE,2011,108310.8867431055
NC,ORANGE,2012,124747.912055842
NC,PENDER,2015,48840.923859552
NC,PITT,2006,884888.8421041315
NC,PITT,2008,1841237.312515171
NC,PITT,2009,137507911.3775407
NC,PITT,2010,3571907.12459731
NC,PITT,2012,3655107.68345004
NC,PITT,2013,127358482188.94083
NC,PITT,2014,1268121901.805544
NC,PITT,2015,3828949464.9305
NC,RANDOLPH,2006,54463.29484709975
NC,RANDOLPH,2007,62521.33076217025
NC,RANDOLPH,2008,70262.798459893
NC,RANDOLPH,2009,84038.009080049
NC,RANDOLPH,2010,197581.862575888
NC,RANDOLPH,2011,114668.516324536
NC,RANDOLPH,2012,121697.898197941
NC,RANDOLPH,2013,123936.35809020625
NC,RANDOLPH,2014,126539.32095574199
NC,RANDOLPH,2015,128049.251667807
NC,RICHMOND,2009,62928.64728482175
NC,RICHMOND,2011,73430.9492506305
NC,RICHMOND,2015,79059.4689553695
NC,ROBESON,2006,94107.5774342135
NC,ROBESON,2008,108302.4171355287
NC,ROBESON,2009,116963.659039794
NC,ROBESON,2011,194129.25326098024
NC,ROBESON,2012,230814.35571553226
NC,ROBESON,2013,236355.8445505995
NC,ROBESON,2014,226003.5722300395
NC,ROBESON,2015,217894.62445297197
NC,ROCKINGHAM,2006,97316.25152238926
NC,ROCKINGHAM,2007,108303.14831339015
NC,ROCKINGHAM,2008,104793.3327481307
NC,ROCKINGHAM,2009,109045.208155401
NC,ROCKINGHAM,2010,220024.680110743
NC,ROCKINGHAM,2011,115001.12059366125
NC,ROCKINGHAM,2012,122946.090512986
NC,ROCKINGHAM,2013,138599.437048685
NC,ROCKINGHAM,2015,136162.647895304
NC,ROWAN,2006,173062.38182743636
NC,ROWAN,2007,179255.59002984376
NC,ROWAN,2008,179097.150931703
NC,ROWAN,2009,188191.51929260074
NC,ROWAN,2010,405206.342837394
NC,ROWAN,2011,225779.34275957625
NC,ROWAN,2012,232422.511150545
NC,ROWAN,2013,231827.137702116
NC,ROWAN,2014,237650.026018062
NC,ROWAN,2015,245613.67962919825
NC,RUTHERFORD,2006,64623.72404512375
NC,RUTHERFORD,2007,67451.1679444905
NC,RUTHERFORD,2008,63552.191235934995
NC,RUTHERFORD,2009,65203.11125900675
NC,RUTHERFORD,2010,156876.5885803025
NC,RUTHERFORD,2011,74669.50295589825
NC,RUTHERFORD,2013,70862.275704334
NC,RUTHERFORD,2015,78429.6754141
NC,SAMPSON,2008,35134.290789645
NC,SAMPSON,2011,47904.962641858
NC,SAMPSON,2014,45184.365888164
NC,STANLY,2007,44871.21171152525
NC,STANLY,2010,127187.587363873
NC,STANLY,2011,63135.951301656
NC,STANLY,2012,67147.5250120945
NC,STANLY,2013,65739.318154952
NC,STANLY,2015,76169.472494193
NC,STOKES,2008,30628.5239637925
NC,STOKES,2011,38766.4571995235
NC,STOKES,2015,46199.616260537994
NC,SURRY,2006,98833.83498068531
NC,SURRY,2009,137284.8924679175
NC,SURRY,2010,300454.4207768015
NC,SURRY,2011,162599.96589832474
NC,SURRY,2012,175369.459780207
NC,SURRY,2014,182021.484831706
NC,SURRY,2015,195776.5885213235
NC,UNION,2006,68956.13458341715
NC,UNION,2008,90636.57338723625
NC,UNION,2010,234750.3218383045
NC,UNION,2013,166177.321700902
NC,UNION,2014,185311.7230909975
NC,UNION,2015,191579.16525131604
NC,VANCE,2012,86210.672707473
NC,WAKE,2006,1153981.945541952
NC,WAKE,2007,1311188.400008633
NC,WAKE,2008,25708663057.318233
NC,WAKE,2009,1605507.0727877284
NC,WAKE,2010,3520578.903956198
NC,WAKE,2011,2206292.8481466793
NC,WAKE,2012,3107306.6480208244
NC,WAKE,2013,4007088.5233181943
NC,WAKE,2014,3230732.1341536823
NC,WAKE,2015,4839672.583603136
NC,WAYNE,2007,87928.90824318695
NC,WAYNE,2008,91152.035876442
NC,WAYNE,2010,187192.739632735
NC,WAYNE,2011,100437.47570710175
NC,WAYNE,2013,107819.80053250394
NC,WAYNE,2015,106381.39597745074
NC,WILKES,2006,78224.28879920526
NC,WILKES,2007,83696.7317631255
NC,WILKES,2008,93486.2920246825
NC,WILKES,2009,106765.161665881
NC,WILKES,2010,236570.260262631
NC,WILKES,2012,143036.97611381375
NC,WILKES,2013,156453.84960915975
NC,WILKES,2014,159046.4694021795
NC,WILKES,2015,186211.0321577265
NC,YADKIN,2014,40037.443601011
OR,CLACKAMAS,2006,2424656.6054525925
OR,CLACKAMAS,2007,2721586.4590486847
OR,CLACKAMAS,2008,2820398.1880117524
OR,CLACKAMAS,2009,2889741.1350214356
OR,CLACKAMAS,2010,5995040.45396858
OR,CLACKAMAS,2011,3320993.8289454216
OR,CLACKAMAS,2012,2891165.681508121
OR,CLACKAMAS,2013,2828174.916614338
OR,CLACKAMAS,2014,2866218.7039420106
OR,CLACKAMAS,2015,2966258.9761969475
OR,CLATSOP,2011,79354.8911436405
OR,DESCHUTES,2008,116529.6117608245
OR,DESCHUTES,2010,249915.606396524
OR,DESCHUTES,2011,131247.0181458705
OR,DESCHUTES,2013,144099.2312496465
OR,DESCHUTES,2014,150776.219974246
OR,DOUGLAS,2015,200249.450937797
OR,JACKSON,2006,284307.901947537
OR,JACKSON,2007,338696.5988293935
OR,JACKSON,2008,379877.3157854924
OR,JACKSON,2009,382596.8580826345
OR,JACKSON,2010,816171.201608323
OR,JACKSON,2011,443157.5404363505
OR,JACKSON,2012,466064.74422377726
OR,JACKSON,2013,454442.1483567435
OR,JACKSON,2014,450030.4075256945
OR,JACKSON,2015,420869.21694769827
OR,JOSEPHINE,2007,117977.7559602925
OR,JOSEPHINE,2014,139283.36198099802
OR,JOSEPHINE,2015,123356.92904671449
OR,KLAMATH,2015,54890.834448641
OR,LANE,2006,830293.9665619138
OR,LANE,2007,454446.8742202726
OR,LANE,2008,467929.33535667846
OR,LANE,2009,502438.36399478
OR,LANE,2010,16697125256.92493
OR,LANE,2011,567874.7361620335
OR,LANE,2012,573768.980745932
OR,LANE,2013,1107728.612537629
OR,LANE,2014,1201744.92251996
OR,LANE,2015,1075098.8605860232
OR,LINCOLN,2014,90675.0129001795
OR,LINN,2006,106785.81085208809
OR,LINN,2009,147640.367174147
OR,LINN,2010,313999.763022524
OR,LINN,2011,158304.397265915
OR,LINN,2012,163846.9746517685
OR,LINN,2013,159231.981508752
OR,LINN,2014,162341.9678225835
OR,LINN,2015,151511.01729126848
OR,MARION,2006,306094.0857677876
OR,MARION,2007,320788.6771665942
OR,MARION,2008,505112.3951766675
OR,MARION,2009,331846.52728481597
OR,MARION,2010,681826.643059519
OR,MARION,2011,357008.613570355
OR,MARION,2012,333390.4752567365
OR,MARION,2013,320954.3941951825
OR,MARION,2014,354161.00462249096
OR,MARION,2015,361012.63231639
OR,MULTNOMAH,2006,4496316.48521596
OR,MULTNOMAH,2007,5232824.559131257
OR,MULTNOMAH,2008,4672482.434818992
OR,MULTNOMAH,2009,4800015.833214054
OR,MULTNOMAH,2010,9648217.808418736
OR,MULTNOMAH,2011,3248968.93000905
OR,MULTNOMAH,2012,3142773.419531238
OR,MULTNOMAH,2013,3321281.9941966
OR,MULTNOMAH,2014,4852634.951043178
OR,MULTNOMAH,2015,4495518.1629522685
OR,WASHINGTON,2006,417914.75932254415
OR,WASHINGTON,2007,993822.6417485893
OR,WASHINGTON,2008,489337.8685328602
OR,WASHINGTON,2009,495687.603305962
OR,WASHINGTON,2010,1055530.092009076
OR,WASHINGTON,2011,528752.6726379495
OR,WASHINGTON,2012,503647.2730976885
OR,WASHINGTON,2013,494697.4971558035
OR,WASHINGTON,2014,463602.2602317185
OR,WASHINGTON,2015,451030.3468832105
OR,YAMHILL,2011,97347.910515688
OR,YAMHILL,2015,75607.5485583405
SC,AIKEN,2006,77335.752205575
SC,AIKEN,2007,90166.7470154467
SC,AIKEN,2008,96707.3565676235
SC,AIKEN,2009,107943.375283185
SC,AIKEN,2010,240611.038429577
SC,AIKEN,2011,143064.1017457165
SC,AIKEN,2012,154661.6515820095
SC,AIKEN,2013,156339.1044090835
SC,AIKEN,2014,162371.901346741
SC,AIKEN,2015,170444.855213401
SC,ANDERSON,2006,138670.66970409924
SC,ANDERSON,2007,239196.05562831034
SC,ANDERSON,2008,616629.3284230722
SC,ANDERSON,2009,1027387.0252058692
SC,ANDERSON,2010,2769846.633642464
SC,ANDERSON,2011,1199373.3615928607
SC,ANDERSON,2012,1573721.2845238915
SC,ANDERSON,2013,1720834.4576815725
SC,ANDERSON,2014,310099.41673400823
SC,ANDERSON,2015,216542.746255972
SC,BEAUFORT,2010,223845.917472637
SC,BEAUFORT,2011,110801.45819042376
SC,BEAUFORT,2013,123459.12469564899
SC,BEAUFORT,2014,124523.58850524599
SC,BERKELEY,2006,54897.54544045475
SC,BERKELEY,2007,65761.9920565537
SC,BERKELEY,2008,77753.69264498795
SC,BERKELEY,2009,92052.280139999
SC,BERKELEY,2010,211737.9919588695
SC,BERKELEY,2011,121272.89154378175
SC,BERKELEY,2012,134743.35571417274
SC,BERKELEY,2013,130223.34850287225
SC,BERKELEY,2014,137542.7602183441
SC,BERKELEY,2015,158525.36465497274
SC,CHARLESTON,2006,438254.33884363296
SC,CHARLESTON,2007,556035.6223494451
SC,CHARLESTON,2008,652964.0714899068
SC,CHARLESTON,2009,944734.697955587
SC,CHARLESTON,2010,2101315.241005873
SC,CHARLESTON,2011,1352454.4736291564
SC,CHARLESTON,2012,1182184.5189447044
SC,CHARLESTON,2013,1017579.1984692683
SC,CHARLESTON,2014,1096428.5479304264
SC,CHARLESTON,2015,685077.691005436
SC,CHEROKEE,2012,57143.51072129
SC,DARLINGTON,2013,131479.026697672
SC,DORCHESTER,2008,82936.52347708175
SC,DORCHESTER,2012,132246.41379050774
SC,DORCHESTER,2013,132647.4746987775
SC,DORCHESTER,2014,145532.625321031
SC,DORCHESTER,2015,143546.54378389
SC,FLORENCE,2006,266330.485846254
SC,FLORENCE,2010,505363.29804436
SC,FLORENCE,2011,232318.79220304624
SC,FLORENCE,2013,259023.35278149825
SC,FLORENCE,2014,280776.3651659735
SC,FLORENCE,2015,555705.8272365965
SC,GEORGETOWN,2007,51813.4998553338
SC,GEORGETOWN,2014,94266.2153771725
SC,GEORGETOWN,2015,97134.6929818127
SC,GREENVILLE,2006,768027.1884024891
SC,GREENVILLE,2007,805312.0609467059
SC,GREENVILLE,2008,851197.5456162582
SC,GREENVILLE,2009,1026945.4307511435
SC,GREENVILLE,2010,1696811.170071389
SC,GREENVILLE,2011,922280.120196617
SC,GREENVILLE,2012,874253.7299991403
SC,GREENVILLE,2013,980922.3876760663
SC,GREENVILLE,2014,874014.3071836325
SC,GREENVILLE,2015,974478.3001332703
SC,GREENWOOD,2008,51723.39623394425
SC,GREENWOOD,2014,79622.6655463675
SC,HORRY,2006,277967.65556018957
SC,HORRY,2007,311291.84653412906
SC,HORRY,2008,328320.95486265747
SC,HORRY,2009,380770.26144496724
SC,HORRY,2010,804154.1693271175
SC,HORRY,2011,424541.99863794
SC,HORRY,2012,454353.52268181246
SC,HORRY,2013,458227.9067822975
SC,HORRY,2014,480737.1551683715
SC,HORRY,2015,475989.801363559
SC,LANCASTER,2010,100679.263097176
SC,LANCASTER,2011,52145.95995531425
SC,LANCASTER,2013,58525.937157329245
SC,LAURENS,2008,34791.4248526155
SC,LAURENS,2010,84821.0337156615
SC,LAURENS,2013,46598.357224174
SC,LAURENS,2015,51259.399075833
SC,LEXINGTON,2006,175987.96179381825
SC,LEXINGTON,2007,195174.04083500535
SC,LEXINGTON,2008,220469.70926856654
SC,LEXINGTON,2009,214031.836927975
SC,LEXINGTON,2010,478460.067455213
SC,LEXINGTON,2011,280344.4050482615
SC,LEXINGTON,2012,297281.747097125
SC,LEXINGTON,2013,291715.3501809785
SC,LEXINGTON,2014,283536.6060681615
SC,LEXINGTON,2015,320054.26962145796
SC,OCONEE,2006,64435.1146413179
SC,OCONEE,2007,70453.7770695019
SC,OCONEE,2008,77736.248442989
SC,OCONEE,2009,92675.88075110475
SC,OCONEE,2010,193717.861679036
SC,OCONEE,2011,104450.052433359
SC,OCONEE,2012,112550.9934212695
SC,OCONEE,2013,130546.92225743625
SC,OCONEE,2014,152383.004355613
SC,OCONEE,2015,162615.4550549454
SC,PICKENS,2006,81341.55342294775
SC,PICKENS,2007,90020.079507188
SC,PICKENS,2008,97692.24367227024
SC,PICKENS,2009,119546.401731283
SC,PICKENS,2010,258000.0099799725
SC,PICKENS,2011,152732.96010743474
SC,PICKENS,2012,176784.10302808275
SC,PICKENS,2013,182944.654525168
SC,PICKENS,2014,189708.7032325
SC,PICKENS,2015,204197.0275778942
SC,RICHLAND,2006,353805.3760899394
SC,RICHLAND,2007,179241.1049616051
SC,RICHLAND,2008,200286.43983706346
SC,RICHLAND,2009,220744.96938761976
SC,RICHLAND,2010,510725.604069239
SC,RICHLAND,2011,303270.30918541003
SC,RICHLAND,2012,329630.2875076285
SC,RICHLAND,2013,364530.42557263124
SC,RICHLAND,2014,343933.739803629
SC,RICHLAND,2015,360169.723512189
SC,SPARTANBURG,2006,2444363.4616250307
SC,SPARTANBURG,2007,3071328.3096698946
SC,SPARTANBURG,2008,3742363.73293904
SC,SPARTANBURG,2009,2973898.0883762077
SC,SPARTANBURG,2010,4907835.866783297
SC,SPARTANBURG,2011,2839036.157400803
SC,SPARTANBURG,2012,3022909.2398658367
SC,SPARTANBURG,2013,2958371.8419987243
SC,SPARTANBURG,2014,2588167.5217558783
SC,SPARTANBURG,2015,2931050.7909168145
SC,YORK,2006,67047.02563868464
SC,YORK,2007,81777.23843423725
SC,YORK,2008,82403.75958864749
SC,YORK,2009,95521.9752047855
SC,YORK,2010,236445.367547252
SC,YORK,2011,125816.8971868365
SC,YORK,2012,166831.47772523673
SC,YORK,2013,187334.889481966
SC,YORK,2014,197341.903171746
SC,YORK,2015,219064.48631426797
WA,BENTON,2006,143885.738214099
WA,BENTON,2007,142192.29066894724
WA,BENTON,2008,150645.86461056976
WA,BENTON,2009,163059.201994298
WA,BENTON,2010,343653.566621162
WA,BENTON,2011,182778.6625683955
WA,BENTON,2012,191748.5717321955
WA,BENTON,2013,203425.357509175
WA,BENTON,2014,234613.32527025
WA,BENTON,2015,258072.25389328497
WA,CHELAN,2010,138369.791032249
WA,CHELAN,2011,63018.4917914625
WA,CLALLAM,2006,119452.1893989525
WA,CLALLAM,2007,139599.692720649
WA,CLALLAM,2008,137289.966684057
WA,CLALLAM,2009,151890.7181027835
WA,CLALLAM,2010,304225.96439162
WA,CLALLAM,2012,121334.0897316375
WA,CLALLAM,2013,110649.430850046
WA,CLALLAM,2015,110000.9552233177
WA,CLARK,2006,361463.0611392337
WA,CLARK,2007,473365.03211637336
WA,CLARK,2008,623762.9505349265
WA,CLARK,2009,539515.6324333363
WA,CLARK,2010,1040554.712832734
WA,CLARK,2011,517024.0681095375
WA,CLARK,2012,499866.2476719175
WA,CLARK,2013,491681.7089724405
WA,CLARK,2014,489074.98319750803
WA,CLARK,2015,495160.93570722896
WA,COWLITZ,2006,146476.831086799
WA,COWLITZ,2007,169395.83914834275
WA,COWLITZ,2008,174497.0683583385
WA,COWLITZ,2009,190915.08705490927
WA,COWLITZ,2010,362764.992493179
WA,COWLITZ,2011,175251.0106202585
WA,COWLITZ,2012,168342.399066555
WA,COWLITZ,2013,158138.8259985585
WA,COWLITZ,2014,152203.938366685
WA,COWLITZ,2015,154699.3817831326
WA,GRANT,2006,90930.9903444885
WA,GRANT,2007,98273.051873157
WA,GRANT,2008,85444.946745807
WA,GRANT,2009,86856.05538076849
WA,GRANT,2015,65431.3287990254
WA,GRAYS HARBOR,2008,101551.193383618
WA,GRAYS HARBOR,2009,98588.37290254999
WA,GRAYS HARBOR,2011,99981.95619057599
WA,GRAYS HARBOR,2012,108440.2077361635
WA,GRAYS HARBOR,2013,119980.83440034
WA,GRAYS HARBOR,2014,126305.413780769
WA,GRAYS HARBOR,2015,145311.080229003
WA,ISLAND,2012,46194.5099014065
WA,ISLAND,2014,47098.639619679
WA,ISLAND,2015,45520.3920475317
WA,KING,2006,16218934.12639917
WA,KING,2007,11514779.933152838
WA,KING,2008,8450476.647082658
WA,KING,2009,12592685.03923486
WA,KING,2010,12939728.13046859
WA,KING,2011,19870706.31720445
WA,KING,2012,14389952.427876934
WA,KING,2013,7687996.92721674
WA,KING,2014,15841446.342722239
WA,KING,2015,24223296.08550495
WA,KITSAP,2006,192526.02260704
WA,KITSAP,2007,236512.49361592066
WA,KITSAP,2008,228284.4483021045
WA,KITSAP,2009,248063.0452351945
WA,KITSAP,2010,549099.28622558
WA,KITSAP,2011,255666.6526970635
WA,KITSAP,2012,247341.8264543915
WA,KITSAP,2013,221924.349003969
WA,KITSAP,2014,205218.182056542
WA,KITSAP,2015,209610.623438599
WA,LEWIS,2007,86647.36590513225
WA,LEWIS,2008,95796.30252920574
WA,LEWIS,2009,99673.40543590259
WA,LEWIS,2010,181723.139387999
WA,LEWIS,2011,87310.182711442
WA,LEWIS,2014,89603.4800176225
WA,MASON,2012,59828.2192544175
WA,MASON,2013,59286.234515197
WA,MASON,2015,57425.578153063994
WA,PIERCE,2006,741652.3353800984
WA,PIERCE,2007,1691969.4046881406
WA,PIERCE,2008,837874.9867771599
WA,PIERCE,2009,866176.325396804
WA,PIERCE,2010,1793529.6602978045
WA,PIERCE,2011,1870163.617952421
WA,PIERCE,2012,895406.621342514
WA,PIERCE,2013,873682.7905968474
WA,PIERCE,2014,1772030.773620058
WA,PIERCE,2015,1863606.4248052759
WA,SKAGIT,2006,76462.6818025325
WA,SKAGIT,2007,93782.516668386
WA,SKAGIT,2008,100809.055061509
WA,SKAGIT,2009,109243.700564291
WA,SKAGIT,2010,223767.970701102
WA,SKAGIT,2011,114164.355267541
WA,SKAGIT,2012,119396.066979139
WA,SKAGIT,2013,124712.005012432
WA,SKAGIT,2014,129380.1252847875
WA,SKAGIT,2015,131258.8428789945
WA,SNOHOMISH,2006,2897294.627049301
WA,SNOHOMISH,2007,3245681.5997947343
WA,SNOHOMISH,2008,3335353.945669691
WA,SNOHOMISH,2009,3290039.804866816
WA,SNOHOMISH,2010,7082815.863739993
WA,SNOHOMISH,2011,3167989.8034835886
WA,SNOHOMISH,2012,2713105.2682286305
WA,SNOHOMISH,2013,2691496.8171902015
WA,SNOHOMISH,2014,2845211.166465045
WA,SNOHOMISH,2015,2858387.865345634
WA,SPOKANE,2006,728890.6278671329
WA,SPOKANE,2007,691972.415018958
WA,SPOKANE,2008,625094.1790557
WA,SPOKANE,2009,641729.358233285
WA,SPOKANE,2010,1290956.489241253
WA,SPOKANE,2011,668389.9294471925
WA,SPOKANE,2012,667079.0366026754
WA,SPOKANE,2013,665465.2713073518
WA,SPOKANE,2014,681029.2514867795
WA,SPOKANE,2015,714326.5491406547
WA,STEVENS,2006,59205.375510421
WA,STEVENS,2008,60586.4731266515
WA,THURSTON,2006,186336.1804835966
WA,THURSTON,2007,202812.0035201651
WA,THURSTON,2008,213950.97066419534
WA,THURSTON,2009,219609.026533952
WA,THURSTON,2010,463766.673313797
WA,THURSTON,2011,228749.75485322674
WA,THURSTON,2012,236424.4672823945
WA,THURSTON,2013,241594.88262837048
WA,THURSTON,2014,252094.711412576
WA,THURSTON,2015,263259.313535549
WA,WALLA WALLA,2014,77658.8598347385
WA,WHATCOM,2006,135537.3093410845
WA,WHATCOM,2007,169785.9963912955
WA,WHATCOM,2008,177373.4776262285
WA,WHATCOM,2009,183677.2856214155
WA,WHATCOM,2010,368372.499836682
WA,WHATCOM,2011,190862.12194305198
WA,WHATCOM,2012,196088.8111955185
WA,WHATCOM,2013,223386.47870663748
WA,WHATCOM,2014,231512.531762938
WA,WHATCOM,2015,243622.54034269007
WA,YAKIMA,2006,144352.3630338771
WA,YAKIMA,2007,157816.75662065975
WA,YAKIMA,2008,159719.96770821104
WA,YAKIMA,2009,180606.983580769
WA,YAKIMA,2010,375479.4677924642
WA,YAKIMA,2011,201808.4244528495
WA,YAKIMA,2012,202421.25371977699
WA,YAKIMA,2013,202856.703528753
WA,YAKIMA,2014,225998.592465679
WA,YAKIMA,2015,234197.9402815295
